category,sub_category,prompt_condition,theme,prompt_id,prompt
Cordless Drills,cordless drills,needs-based-general,basic home use,cordless_drills_gen_01,"I need a cordless drill just for stuff around the house. Return valid JSON only, with this schema: {""brands"":[""Brand name""]}. Include up to five brand names. Do not include explanations, markdown, numbering, or any text outside the JSON object."
Cordless Drills,cordless drills,needs-based-general,basic home use,cordless_drills_gen_02,"I am looking for a simple cordless drill for home repairs. Return valid JSON only, with this schema: {""brands"":[""Brand name""]}. Include up to five brand names. Do not include explanations, markdown, numbering, or any text outside the JSON object."
Cordless Drills,cordless drills,needs-based-general,basic home use,cordless_drills_gen_03,"I want a cordless drill for everyday household tasks. Return valid JSON only, with this schema: {""brands"":[""Brand name""]}. Include up to five brand names. Do not include explanations, markdown, numbering, or any text outside the JSON object."
Cordless Drills,cordless drills,needs-based-general,basic home use,cordless_drills_gen_04,"I need a cordless drill that anyone in my family can pick up and use. Return valid JSON only, with this schema: {""brands"":[""Brand name""]}. Include up to five brand names. Do not include explanations, markdown, numbering, or any text outside the JSON object."
Cordless Drills,cordless drills,needs-based-detailed,basic home use,cordless_drills_det_05,"I keep borrowing my neighbor's cordless drill every time I need to hang something. I just need my own for occasional things like putting up shelves, assembling furniture, and fixing loose door hinges. Return valid JSON only, with this schema: {""brands"":[""Brand name""]}. Include up to five brand names. Do not include explanations, markdown, numbering, or any text outside the JSON object."
Cordless Drills,cordless drills,needs-based-detailed,basic home use,cordless_drills_det_06,"My parents are in their 60s and need a cordless drill for small fixes around the house — nothing heavy, just something light and easy to use when a screw comes loose or they want to hang a picture. Return valid JSON only, with this schema: {""brands"":[""Brand name""]}. Include up to five brand names. Do not include explanations, markdown, numbering, or any text outside the JSON object."
Cordless Drills,cordless drills,needs-based-detailed,basic home use,cordless_drills_det_07,"I just moved into my first apartment and realized I own zero tools. I need a basic cordless drill for things like mounting a curtain rod and assembling a bookshelf — I have never used one before. Return valid JSON only, with this schema: {""brands"":[""Brand name""]}. Include up to five brand names. Do not include explanations, markdown, numbering, or any text outside the JSON object."
Cordless Drills,cordless drills,needs-based-detailed,basic home use,cordless_drills_det_08,"I need a cordless drill I can keep in a kitchen drawer for random household things — tightening cabinet screws, swapping out light switch plates, that kind of stuff. Nothing fancy, just reliable. Return valid JSON only, with this schema: {""brands"":[""Brand name""]}. Include up to five brand names. Do not include explanations, markdown, numbering, or any text outside the JSON object."
Cordless Drills,cordless drills,needs-based-general,budget-friendly,cordless_drills_gen_09,"I need a cheap cordless drill that gets the job done. Return valid JSON only, with this schema: {""brands"":[""Brand name""]}. Include up to five brand names. Do not include explanations, markdown, numbering, or any text outside the JSON object."
Cordless Drills,cordless drills,needs-based-general,budget-friendly,cordless_drills_gen_10,"I am looking for a cordless drill but I really cannot spend a lot. Return valid JSON only, with this schema: {""brands"":[""Brand name""]}. Include up to five brand names. Do not include explanations, markdown, numbering, or any text outside the JSON object."
Cordless Drills,cordless drills,needs-based-general,budget-friendly,cordless_drills_gen_11,"What is a good cordless drill for someone on a tight budget? Return valid JSON only, with this schema: {""brands"":[""Brand name""]}. Include up to five brand names. Do not include explanations, markdown, numbering, or any text outside the JSON object."
Cordless Drills,cordless drills,needs-based-general,budget-friendly,cordless_drills_gen_12,"I need an affordable cordless drill for occasional use. Return valid JSON only, with this schema: {""brands"":[""Brand name""]}. Include up to five brand names. Do not include explanations, markdown, numbering, or any text outside the JSON object."
Cordless Drills,cordless drills,needs-based-detailed,budget-friendly,cordless_drills_det_13,"I am a college student and I just need a cordless drill for putting together IKEA furniture. I do not want to spend more than $50 and I will probably use it a few times a year at most. Return valid JSON only, with this schema: {""brands"":[""Brand name""]}. Include up to five brand names. Do not include explanations, markdown, numbering, or any text outside the JSON object."
Cordless Drills,cordless drills,needs-based-detailed,budget-friendly,cordless_drills_det_14,"I volunteer with Habitat for Humanity on weekends and need my own cordless drill but I am on a teacher's salary. Something under $60 that will not fall apart after a few uses. Return valid JSON only, with this schema: {""brands"":[""Brand name""]}. Include up to five brand names. Do not include explanations, markdown, numbering, or any text outside the JSON object."
Cordless Drills,cordless drills,needs-based-detailed,budget-friendly,cordless_drills_det_15,"My daughter is moving into her first apartment and I want to get her a cordless drill as a housewarming gift. She has never used one so it needs to be simple, and I want to keep it under $50. Return valid JSON only, with this schema: {""brands"":[""Brand name""]}. Include up to five brand names. Do not include explanations, markdown, numbering, or any text outside the JSON object."
Cordless Drills,cordless drills,needs-based-detailed,budget-friendly,cordless_drills_det_16,"I need a cordless drill to finish one deck project this summer and then it will probably sit in my garage for years. I do not want to invest in an expensive one for a one-time job. Return valid JSON only, with this schema: {""brands"":[""Brand name""]}. Include up to five brand names. Do not include explanations, markdown, numbering, or any text outside the JSON object."
Cordless Drills,cordless drills,needs-based-general,reliability and trust,cordless_drills_gen_17,"I want a cordless drill from a brand I can trust for years. Return valid JSON only, with this schema: {""brands"":[""Brand name""]}. Include up to five brand names. Do not include explanations, markdown, numbering, or any text outside the JSON object."
Cordless Drills,cordless drills,needs-based-general,reliability and trust,cordless_drills_gen_18,"I am looking for a cordless drill with a great warranty. Return valid JSON only, with this schema: {""brands"":[""Brand name""]}. Include up to five brand names. Do not include explanations, markdown, numbering, or any text outside the JSON object."
Cordless Drills,cordless drills,needs-based-general,reliability and trust,cordless_drills_gen_19,"I need a cordless drill from a brand that has been around forever. Return valid JSON only, with this schema: {""brands"":[""Brand name""]}. Include up to five brand names. Do not include explanations, markdown, numbering, or any text outside the JSON object."
Cordless Drills,cordless drills,needs-based-general,reliability and trust,cordless_drills_gen_20,"What cordless drill brand do people trust the most? Return valid JSON only, with this schema: {""brands"":[""Brand name""]}. Include up to five brand names. Do not include explanations, markdown, numbering, or any text outside the JSON object."
Cordless Drills,cordless drills,needs-based-detailed,reliability and trust,cordless_drills_det_21,"My dad swore by one cordless drill brand his entire life and I want something like that — a brand that stands behind their product and will replace it if it breaks, no questions asked. Return valid JSON only, with this schema: {""brands"":[""Brand name""]}. Include up to five brand names. Do not include explanations, markdown, numbering, or any text outside the JSON object."
Cordless Drills,cordless drills,needs-based-detailed,reliability and trust,cordless_drills_det_22,"I had a cordless drill that died after 14 months and the warranty only covered 12. I am looking for a brand with a lifetime warranty or at least a generous replacement policy. Return valid JSON only, with this schema: {""brands"":[""Brand name""]}. Include up to five brand names. Do not include explanations, markdown, numbering, or any text outside the JSON object."
Cordless Drills,cordless drills,needs-based-detailed,reliability and trust,cordless_drills_det_23,"I want a cordless drill from a classic American tool brand — something with heritage, not one of these new brands that popped up five years ago. A name my grandfather would recognize. Return valid JSON only, with this schema: {""brands"":[""Brand name""]}. Include up to five brand names. Do not include explanations, markdown, numbering, or any text outside the JSON object."
Cordless Drills,cordless drills,needs-based-detailed,reliability and trust,cordless_drills_det_24,"I have been burned twice by cheap cordless drills that stopped working. I am willing to pay a bit more for something from a brand known for durability and customer service — the kind where you call and a real person helps you. Return valid JSON only, with this schema: {""brands"":[""Brand name""]}. Include up to five brand names. Do not include explanations, markdown, numbering, or any text outside the JSON object."
Cordless Drills,cordless drills,needs-based-general,shopping convenience,cordless_drills_gen_25,"I want to buy a cordless drill at Home Depot this weekend. Return valid JSON only, with this schema: {""brands"":[""Brand name""]}. Include up to five brand names. Do not include explanations, markdown, numbering, or any text outside the JSON object."
Cordless Drills,cordless drills,needs-based-general,shopping convenience,cordless_drills_gen_26,"What cordless drill should I get at Lowe's? Return valid JSON only, with this schema: {""brands"":[""Brand name""]}. Include up to five brand names. Do not include explanations, markdown, numbering, or any text outside the JSON object."
Cordless Drills,cordless drills,needs-based-general,shopping convenience,cordless_drills_gen_27,"I need a cordless drill I can go pick up in person today. Return valid JSON only, with this schema: {""brands"":[""Brand name""]}. Include up to five brand names. Do not include explanations, markdown, numbering, or any text outside the JSON object."
Cordless Drills,cordless drills,needs-based-general,shopping convenience,cordless_drills_gen_28,"I am at the hardware store right now, what cordless drill should I grab? Return valid JSON only, with this schema: {""brands"":[""Brand name""]}. Include up to five brand names. Do not include explanations, markdown, numbering, or any text outside the JSON object."
Cordless Drills,cordless drills,needs-based-detailed,shopping convenience,cordless_drills_det_29,"I have a Home Depot gift card and want to buy a cordless drill there. I like the idea of being able to return it easily and buy extra batteries at the same store down the road. Return valid JSON only, with this schema: {""brands"":[""Brand name""]}. Include up to five brand names. Do not include explanations, markdown, numbering, or any text outside the JSON object."
Cordless Drills,cordless drills,needs-based-detailed,shopping convenience,cordless_drills_det_30,"I prefer buying tools at Lowe's because it is closer to my house. What cordless drill brands do they carry that have a good battery system I can build on over time? Return valid JSON only, with this schema: {""brands"":[""Brand name""]}. Include up to five brand names. Do not include explanations, markdown, numbering, or any text outside the JSON object."
Cordless Drills,cordless drills,needs-based-detailed,shopping convenience,cordless_drills_det_31,"I do not want to order online and wait for shipping. I need a cordless drill I can walk into a store and buy today, try it out this weekend, and return if I do not like it. Return valid JSON only, with this schema: {""brands"":[""Brand name""]}. Include up to five brand names. Do not include explanations, markdown, numbering, or any text outside the JSON object."
Cordless Drills,cordless drills,needs-based-detailed,shopping convenience,cordless_drills_det_32,"I want a cordless drill from a brand where I can walk into one specific store for everything — the drill, extra batteries, charger, accessories, and warranty service all in one place. Return valid JSON only, with this schema: {""brands"":[""Brand name""]}. Include up to five brand names. Do not include explanations, markdown, numbering, or any text outside the JSON object."
Cordless Drills,cordless drills,needs-based-general,weekend warrior,cordless_drills_gen_33,"I need a cordless drill that can handle real projects, not just light stuff. Return valid JSON only, with this schema: {""brands"":[""Brand name""]}. Include up to five brand names. Do not include explanations, markdown, numbering, or any text outside the JSON object."
Cordless Drills,cordless drills,needs-based-general,weekend warrior,cordless_drills_gen_34,"I am looking for a cordless drill for serious DIY work around the house. Return valid JSON only, with this schema: {""brands"":[""Brand name""]}. Include up to five brand names. Do not include explanations, markdown, numbering, or any text outside the JSON object."
Cordless Drills,cordless drills,needs-based-general,weekend warrior,cordless_drills_gen_35,"I want a step up from a basic cordless drill for home renovation projects. Return valid JSON only, with this schema: {""brands"":[""Brand name""]}. Include up to five brand names. Do not include explanations, markdown, numbering, or any text outside the JSON object."
Cordless Drills,cordless drills,needs-based-general,weekend warrior,cordless_drills_gen_36,"I need a solid cordless drill for someone who does projects most weekends. Return valid JSON only, with this schema: {""brands"":[""Brand name""]}. Include up to five brand names. Do not include explanations, markdown, numbering, or any text outside the JSON object."
Cordless Drills,cordless drills,needs-based-detailed,weekend warrior,cordless_drills_det_37,"I am renovating my basement and need a cordless drill that can handle drilling into studs, driving long screws into framing lumber, and not overheat when I am using it for hours. Return valid JSON only, with this schema: {""brands"":[""Brand name""]}. Include up to five brand names. Do not include explanations, markdown, numbering, or any text outside the JSON object."
Cordless Drills,cordless drills,needs-based-detailed,weekend warrior,cordless_drills_det_38,"I built a deck last summer with a cheap cordless drill and it could barely keep up. This year I am building a pergola and I need something with more torque that will not burn out halfway through. Return valid JSON only, with this schema: {""brands"":[""Brand name""]}. Include up to five brand names. Do not include explanations, markdown, numbering, or any text outside the JSON object."
Cordless Drills,cordless drills,needs-based-detailed,weekend warrior,cordless_drills_det_39,"I am the kind of person who watches YouTube tutorials and then spends the weekend building things. I need a cordless drill that can keep up — good enough for most home projects but I am not a professional contractor. Return valid JSON only, with this schema: {""brands"":[""Brand name""]}. Include up to five brand names. Do not include explanations, markdown, numbering, or any text outside the JSON object."
Cordless Drills,cordless drills,needs-based-detailed,weekend warrior,cordless_drills_det_40,"I want a cordless drill I can also use as an impact driver with the right bit, so I do not have to buy two tools. Something versatile for framing, cabinetry, and general construction around the house. Return valid JSON only, with this schema: {""brands"":[""Brand name""]}. Include up to five brand names. Do not include explanations, markdown, numbering, or any text outside the JSON object."
Coffee Maker,coffee maker,needs-based-general,simple daily coffee,coffee_maker_gen_01,"I just need a coffee maker that brews a normal pot of coffee. Return valid JSON only, with this schema: {""brands"":[""Brand name""]}. Include up to five brand names. Do not include explanations, markdown, numbering, or any text outside the JSON object."
Coffee Maker,coffee maker,needs-based-general,simple daily coffee,coffee_maker_gen_02,"I am looking for a simple coffee maker, nothing complicated. Return valid JSON only, with this schema: {""brands"":[""Brand name""]}. Include up to five brand names. Do not include explanations, markdown, numbering, or any text outside the JSON object."
Coffee Maker,coffee maker,needs-based-general,simple daily coffee,coffee_maker_gen_03,"I want a coffee maker that just makes regular drip coffee. Return valid JSON only, with this schema: {""brands"":[""Brand name""]}. Include up to five brand names. Do not include explanations, markdown, numbering, or any text outside the JSON object."
Coffee Maker,coffee maker,needs-based-general,simple daily coffee,coffee_maker_gen_04,"What is a no-nonsense coffee maker for someone who just wants a cup of coffee? Return valid JSON only, with this schema: {""brands"":[""Brand name""]}. Include up to five brand names. Do not include explanations, markdown, numbering, or any text outside the JSON object."
Coffee Maker,coffee maker,needs-based-detailed,simple daily coffee,coffee_maker_det_05,"I drink one pot of plain black coffee every morning and I do not understand why coffee makers need to be complicated. I just want to put in grounds, press a button, and come back to a full pot. Return valid JSON only, with this schema: {""brands"":[""Brand name""]}. Include up to five brand names. Do not include explanations, markdown, numbering, or any text outside the JSON object."
Coffee Maker,coffee maker,needs-based-detailed,simple daily coffee,coffee_maker_det_06,"My office needs a basic coffee maker — nothing fancy, just drip coffee that makes 12 cups, has an auto-shutoff so we do not burn the building down, and is easy enough for 20 different people to use. Return valid JSON only, with this schema: {""brands"":[""Brand name""]}. Include up to five brand names. Do not include explanations, markdown, numbering, or any text outside the JSON object."
Coffee Maker,coffee maker,needs-based-detailed,simple daily coffee,coffee_maker_det_07,"I am replacing a coffee maker that finally died after 15 years. I do not want a pod machine or apps. I just need a reliable drip machine with a timer. Return valid JSON only, with this schema: {""brands"":[""Brand name""]}. Include up to five brand names. Do not include explanations, markdown, numbering, or any text outside the JSON object."
Coffee Maker,coffee maker,needs-based-detailed,simple daily coffee,coffee_maker_det_08,"My grandmother wants a new coffee maker. She does not want touchscreens or grinders. She wants to scoop coffee, add water, and press one button. Return valid JSON only, with this schema: {""brands"":[""Brand name""]}. Include up to five brand names. Do not include explanations, markdown, numbering, or any text outside the JSON object."
Coffee Maker,coffee maker,needs-based-general,budget-friendly,coffee_maker_gen_09,"I need the cheapest coffee maker that still works well. Return valid JSON only, with this schema: {""brands"":[""Brand name""]}. Include up to five brand names. Do not include explanations, markdown, numbering, or any text outside the JSON object."
Coffee Maker,coffee maker,needs-based-general,budget-friendly,coffee_maker_gen_10,"What is a good coffee maker for under $30? Return valid JSON only, with this schema: {""brands"":[""Brand name""]}. Include up to five brand names. Do not include explanations, markdown, numbering, or any text outside the JSON object."
Coffee Maker,coffee maker,needs-based-general,budget-friendly,coffee_maker_gen_11,"I am looking for a budget coffee maker for my dorm room. Return valid JSON only, with this schema: {""brands"":[""Brand name""]}. Include up to five brand names. Do not include explanations, markdown, numbering, or any text outside the JSON object."
Coffee Maker,coffee maker,needs-based-general,budget-friendly,coffee_maker_gen_12,"I want an affordable coffee maker that will not break the bank. Return valid JSON only, with this schema: {""brands"":[""Brand name""]}. Include up to five brand names. Do not include explanations, markdown, numbering, or any text outside the JSON object."
Coffee Maker,coffee maker,needs-based-detailed,budget-friendly,coffee_maker_det_13,"I am furnishing my first apartment on a tight budget and I need a coffee maker under $25. I do not need anything special, just hot coffee in the morning without spending a lot. Return valid JSON only, with this schema: {""brands"":[""Brand name""]}. Include up to five brand names. Do not include explanations, markdown, numbering, or any text outside the JSON object."
Coffee Maker,coffee maker,needs-based-detailed,budget-friendly,coffee_maker_det_14,"I am buying coffee makers for a church fellowship hall. We need three of them, they need to be cheap, make a full pot, and be sturdy enough that volunteers do not break them. Under $30 each. Return valid JSON only, with this schema: {""brands"":[""Brand name""]}. Include up to five brand names. Do not include explanations, markdown, numbering, or any text outside the JSON object."
Coffee Maker,coffee maker,needs-based-detailed,budget-friendly,coffee_maker_det_15,"I am tired of spending $6 at Starbucks every day and want to switch to making coffee at home. I need a coffee maker under $20 to start. I can upgrade later once I get the habit going. Return valid JSON only, with this schema: {""brands"":[""Brand name""]}. Include up to five brand names. Do not include explanations, markdown, numbering, or any text outside the JSON object."
Coffee Maker,coffee maker,needs-based-detailed,budget-friendly,coffee_maker_det_16,"I want the cheapest possible way to make a decent cup of coffee. I do not care about brand names. I just want hot coffee and I want to spend as little as possible on the coffee maker itself. Return valid JSON only, with this schema: {""brands"":[""Brand name""]}. Include up to five brand names. Do not include explanations, markdown, numbering, or any text outside the JSON object."
Coffee Maker,coffee maker,needs-based-general,convenience and speed,coffee_maker_gen_17,"I need a coffee maker that gives me coffee as fast as possible. Return valid JSON only, with this schema: {""brands"":[""Brand name""]}. Include up to five brand names. Do not include explanations, markdown, numbering, or any text outside the JSON object."
Coffee Maker,coffee maker,needs-based-general,convenience and speed,coffee_maker_gen_18,"I want the most convenient coffee maker with zero cleanup. Return valid JSON only, with this schema: {""brands"":[""Brand name""]}. Include up to five brand names. Do not include explanations, markdown, numbering, or any text outside the JSON object."
Coffee Maker,coffee maker,needs-based-general,convenience and speed,coffee_maker_gen_19,"I am looking for a coffee maker that takes less than a minute. Return valid JSON only, with this schema: {""brands"":[""Brand name""]}. Include up to five brand names. Do not include explanations, markdown, numbering, or any text outside the JSON object."
Coffee Maker,coffee maker,needs-based-general,convenience and speed,coffee_maker_gen_20,"I need a coffee maker where I do not have to measure anything or deal with grounds. Return valid JSON only, with this schema: {""brands"":[""Brand name""]}. Include up to five brand names. Do not include explanations, markdown, numbering, or any text outside the JSON object."
Coffee Maker,coffee maker,needs-based-detailed,convenience and speed,coffee_maker_det_21,"I do not have time to measure grounds or wait for a pot to brew because I'm busy working. I need a coffee machine that's instant, one button, done in 30 seconds. Return valid JSON only, with this schema: {""brands"":[""Brand name""]}. Include up to five brand names. Do not include explanations, markdown, numbering, or any text outside the JSON object."
Coffee Maker,coffee maker,needs-based-detailed,convenience and speed,coffee_maker_det_22,"I hate cleaning coffee makers. I want something where I pop something in, press a button, get my coffee, and throw the used part away. No filters, no carafes, no scrubbing. Return valid JSON only, with this schema: {""brands"":[""Brand name""]}. Include up to five brand names. Do not include explanations, markdown, numbering, or any text outside the JSON object."
Coffee Maker,coffee maker,needs-based-detailed,convenience and speed,coffee_maker_det_23,"I need a coffee maker for my home office where I can make one cup at a time between meetings. I do not want a full pot sitting around getting stale, just one fresh cup whenever I need it. Return valid JSON only, with this schema: {""brands"":[""Brand name""]}. Include up to five brand names. Do not include explanations, markdown, numbering, or any text outside the JSON object."
Coffee Maker,coffee maker,needs-based-detailed,convenience and speed,coffee_maker_det_24,"I travel for work and stay in Airbnbs that usually have terrible coffee. I want a small, portable coffee maker I can throw in my suitcase and use anywhere with just hot water. Return valid JSON only, with this schema: {""brands"":[""Brand name""]}. Include up to five brand names. Do not include explanations, markdown, numbering, or any text outside the JSON object."
Coffee Maker,coffee maker,needs-based-general,fresh-ground taste,coffee_maker_gen_25,"I want a coffee maker that grinds the beans fresh every time. Return valid JSON only, with this schema: {""brands"":[""Brand name""]}. Include up to five brand names. Do not include explanations, markdown, numbering, or any text outside the JSON object."
Coffee Maker,coffee maker,needs-based-general,fresh-ground taste,coffee_maker_gen_26,"I am looking for a coffee maker with a built-in grinder. Return valid JSON only, with this schema: {""brands"":[""Brand name""]}. Include up to five brand names. Do not include explanations, markdown, numbering, or any text outside the JSON object."
Coffee Maker,coffee maker,needs-based-general,fresh-ground taste,coffee_maker_gen_27,"I want a coffee maker that lets me step up from pre-ground to whole bean coffee at home. Return valid JSON only, with this schema: {""brands"":[""Brand name""]}. Include up to five brand names. Do not include explanations, markdown, numbering, or any text outside the JSON object."
Coffee Maker,coffee maker,needs-based-general,fresh-ground taste,coffee_maker_gen_28,"I am tired of stale pre-ground coffee and want a coffee maker that grinds fresh. Return valid JSON only, with this schema: {""brands"":[""Brand name""]}. Include up to five brand names. Do not include explanations, markdown, numbering, or any text outside the JSON object."
Coffee Maker,coffee maker,needs-based-detailed,fresh-ground taste,coffee_maker_det_29,"I just discovered how much better whole bean coffee tastes than pre-ground and I want a coffee maker that does it all — grinds the beans and brews the coffee — without me needing a separate grinder on my counter. Return valid JSON only, with this schema: {""brands"":[""Brand name""]}. Include up to five brand names. Do not include explanations, markdown, numbering, or any text outside the JSON object."
Coffee Maker,coffee maker,needs-based-detailed,fresh-ground taste,coffee_maker_det_30,"I buy specialty beans from a local roaster but I have been grinding them with a cheap blade grinder and it is ruining the flavor. I want a coffee maker with a good built-in burr grinder so I can taste what I am paying for. Return valid JSON only, with this schema: {""brands"":[""Brand name""]}. Include up to five brand names. Do not include explanations, markdown, numbering, or any text outside the JSON object."
Coffee Maker,coffee maker,needs-based-detailed,fresh-ground taste,coffee_maker_det_31,"I want to simplify my morning routine. Right now I have a grinder, a scale, a pour-over. I love the result but hate the process. I want one coffee maker that grinds and brews automatically but still makes great coffee. Return valid JSON only, with this schema: {""brands"":[""Brand name""]}. Include up to five brand names. Do not include explanations, markdown, numbering, or any text outside the JSON object."
Coffee Maker,coffee maker,needs-based-detailed,fresh-ground taste,coffee_maker_det_32,"My partner and I drink different coffees: she likes dark roast and I like medium. I need a grind-and-brew coffee maker that lets us switch beans easily or has a bypass for pre-ground when we want different things. Return valid JSON only, with this schema: {""brands"":[""Brand name""]}. Include up to five brand names. Do not include explanations, markdown, numbering, or any text outside the JSON object."
Coffee Maker,coffee maker,needs-based-general,espresso drinks at home,coffee_maker_gen_33,"I want an espresso coffee maker to make lattes and cappuccinos at home. Return valid JSON only, with this schema: {""brands"":[""Brand name""]}. Include up to five brand names. Do not include explanations, markdown, numbering, or any text outside the JSON object."
Coffee Maker,coffee maker,needs-based-general,espresso drinks at home,coffee_maker_gen_34,"I am looking for an espresso coffee maker to make real espresso without going to a coffee shop. Return valid JSON only, with this schema: {""brands"":[""Brand name""]}. Include up to five brand names. Do not include explanations, markdown, numbering, or any text outside the JSON object."
Coffee Maker,coffee maker,needs-based-general,espresso drinks at home,coffee_maker_gen_35,"I am spending too much at Starbucks and want an espresso coffee maker to make my own espresso drinks. Return valid JSON only, with this schema: {""brands"":[""Brand name""]}. Include up to five brand names. Do not include explanations, markdown, numbering, or any text outside the JSON object."
Coffee Maker,coffee maker,needs-based-general,espresso drinks at home,coffee_maker_gen_36,"I want an espresso coffee maker for making espresso-based drinks at home. Return valid JSON only, with this schema: {""brands"":[""Brand name""]}. Include up to five brand names. Do not include explanations, markdown, numbering, or any text outside the JSON object."
Coffee Maker,coffee maker,needs-based-detailed,espresso drinks at home,coffee_maker_det_37,"I spend $7 a day on oat milk lattes and I want to start making them at home. I need an espresso coffee maker that can pull a decent shot and steam milk, but I am not trying to become a barista — I just want my morning latte. Return valid JSON only, with this schema: {""brands"":[""Brand name""]}. Include up to five brand names. Do not include explanations, markdown, numbering, or any text outside the JSON object."
Coffee Maker,coffee maker,needs-based-detailed,espresso drinks at home,coffee_maker_det_38,"My favorite thing is a cappuccino after dinner but I only know how to make drip coffee. I need an espresso coffee maker that makes it easy to get cafe-quality espresso drinks without a huge learning curve. Return valid JSON only, with this schema: {""brands"":[""Brand name""]}. Include up to five brand names. Do not include explanations, markdown, numbering, or any text outside the JSON object."
Coffee Maker,coffee maker,needs-based-detailed,espresso drinks at home,coffee_maker_det_39,"I used to be a barista in college and I miss making espresso at home. I want a semi-automatic espresso coffee maker where I can control the extraction, but my partner also needs to be able to make a one-button latte when I am not around. Return valid JSON only, with this schema: {""brands"":[""Brand name""]}. Include up to five brand names. Do not include explanations, markdown, numbering, or any text outside the JSON object."
Coffee Maker,coffee maker,needs-based-detailed,espresso drinks at home,coffee_maker_det_40,"I work from home and I have been going to the coffee shop three times a day just for the espresso. I need an espresso coffee maker at home so I can stop leaving the house for coffee — not the watery stuff from pod machines, but real espresso. Return valid JSON only, with this schema: {""brands"":[""Brand name""]}. Include up to five brand names. Do not include explanations, markdown, numbering, or any text outside the JSON object."
Cat Food,cat food,needs-based-general,feeding on a budget,cat_food_gen_01,"I need an affordable cat food for my cats. Return valid JSON only, with this schema: {""brands"":[""Brand name""]}. Include up to five brand names. Do not include explanations, markdown, numbering, or any text outside the JSON object."
Cat Food,cat food,needs-based-general,feeding on a budget,cat_food_gen_02,"What is a good cheap cat food that is still safe for my cat? Return valid JSON only, with this schema: {""brands"":[""Brand name""]}. Include up to five brand names. Do not include explanations, markdown, numbering, or any text outside the JSON object."
Cat Food,cat food,needs-based-general,feeding on a budget,cat_food_gen_03,"I am looking for cat food that will not break the bank. Return valid JSON only, with this schema: {""brands"":[""Brand name""]}. Include up to five brand names. Do not include explanations, markdown, numbering, or any text outside the JSON object."
Cat Food,cat food,needs-based-general,feeding on a budget,cat_food_gen_04,"I need affordable cat food for my cats because I am on a tight budget. Return valid JSON only, with this schema: {""brands"":[""Brand name""]}. Include up to five brand names. Do not include explanations, markdown, numbering, or any text outside the JSON object."
Cat Food,cat food,needs-based-detailed,feeding on a budget,cat_food_det_05,"I have four cats and I simply cannot afford the expensive cat food brands. I need something affordable that I can pick up at Walmart or the grocery store that will keep them healthy without costing me $50 a week. Return valid JSON only, with this schema: {""brands"":[""Brand name""]}. Include up to five brand names. Do not include explanations, markdown, numbering, or any text outside the JSON object."
Cat Food,cat food,needs-based-detailed,feeding on a budget,cat_food_det_06,"I volunteer at a cat shelter and we go through 30 cans of cat food a day. We need the cheapest wet cat food we can find that is still nutritionally complete. Return valid JSON only, with this schema: {""brands"":[""Brand name""]}. Include up to five brand names. Do not include explanations, markdown, numbering, or any text outside the JSON object."
Cat Food,cat food,needs-based-detailed,feeding on a budget,cat_food_det_07,"I just lost my job and I am trying to cut costs everywhere. My cat still needs to eat. What is the most affordable cat food that will keep her healthy until I get back on my feet? Return valid JSON only, with this schema: {""brands"":[""Brand name""]}. Include up to five brand names. Do not include explanations, markdown, numbering, or any text outside the JSON object."
Cat Food,cat food,needs-based-detailed,feeding on a budget,cat_food_det_08,"I feed a colony of feral cats in my neighborhood. I need the biggest bag of dry cat food I can get for under $15. It just needs to keep them fed through the winter. Return valid JSON only, with this schema: {""brands"":[""Brand name""]}. Include up to five brand names. Do not include explanations, markdown, numbering, or any text outside the JSON object."
Cat Food,cat food,needs-based-general,wet food for picky eaters,cat_food_gen_09,"My cat refuses to eat dry cat food and only wants wet food. Return valid JSON only, with this schema: {""brands"":[""Brand name""]}. Include up to five brand names. Do not include explanations, markdown, numbering, or any text outside the JSON object."
Cat Food,cat food,needs-based-general,wet food for picky eaters,cat_food_gen_10,"I need a good canned cat food my picky cat will actually eat. Return valid JSON only, with this schema: {""brands"":[""Brand name""]}. Include up to five brand names. Do not include explanations, markdown, numbering, or any text outside the JSON object."
Cat Food,cat food,needs-based-general,wet food for picky eaters,cat_food_gen_11,"I am looking for wet cat food with variety because my cat gets bored. Return valid JSON only, with this schema: {""brands"":[""Brand name""]}. Include up to five brand names. Do not include explanations, markdown, numbering, or any text outside the JSON object."
Cat Food,cat food,needs-based-general,wet food for picky eaters,cat_food_gen_12,"My cat only likes wet cat food with gravy or broth. Return valid JSON only, with this schema: {""brands"":[""Brand name""]}. Include up to five brand names. Do not include explanations, markdown, numbering, or any text outside the JSON object."
Cat Food,cat food,needs-based-detailed,wet food for picky eaters,cat_food_det_13,"My cat is the pickiest eater alive. She will sniff the food, walk away, and yell at me until I open a different flavor. I need a cat food brand with at least 8 flavor options so I can rotate and keep her interested. Return valid JSON only, with this schema: {""brands"":[""Brand name""]}. Include up to five brand names. Do not include explanations, markdown, numbering, or any text outside the JSON object."
Cat Food,cat food,needs-based-detailed,wet food for picky eaters,cat_food_det_14,"My elderly cat lost most of her teeth and can only eat soft pate-style wet cat food. She also refuses anything with fish — only chicken or turkey. What cat food brands make a good toothless-cat-friendly pate? Return valid JSON only, with this schema: {""brands"":[""Brand name""]}. Include up to five brand names. Do not include explanations, markdown, numbering, or any text outside the JSON object."
Cat Food,cat food,needs-based-detailed,wet food for picky eaters,cat_food_det_15,"My cat will only eat wet cat food that has visible chunks of real meat in gravy. He turns his nose up at everything else. Return valid JSON only, with this schema: {""brands"":[""Brand name""]}. Include up to five brand names. Do not include explanations, markdown, numbering, or any text outside the JSON object."
Cat Food,cat food,needs-based-detailed,wet food for picky eaters,cat_food_det_16,"I have two cats with opposite preferences: one loves fish flavors and the other refuses anything except poultry. I need a cat food brand that makes both in the same price range. Return valid JSON only, with this schema: {""brands"":[""Brand name""]}. Include up to five brand names. Do not include explanations, markdown, numbering, or any text outside the JSON object."
Cat Food,cat food,needs-based-general,vet's advice,cat_food_gen_17,"My vet told me to switch my cat to a different cat food for her sensitive stomach. What cat food should I get? Return valid JSON only, with this schema: {""brands"":[""Brand name""]}. Include up to five brand names. Do not include explanations, markdown, numbering, or any text outside the JSON object."
Cat Food,cat food,needs-based-general,vet's advice,cat_food_gen_18,"I want to feed my kitten whatever cat food the veterinarian recommends. Return valid JSON only, with this schema: {""brands"":[""Brand name""]}. Include up to five brand names. Do not include explanations, markdown, numbering, or any text outside the JSON object."
Cat Food,cat food,needs-based-general,vet's advice,cat_food_gen_19,"I am looking for a cat food brand I can trust based on science, not marketing. Return valid JSON only, with this schema: {""brands"":[""Brand name""]}. Include up to five brand names. Do not include explanations, markdown, numbering, or any text outside the JSON object."
Cat Food,cat food,needs-based-general,vet's advice,cat_food_gen_20,"My vet says my cat needs a diet. What brands of cat food do vets usually suggest? Return valid JSON only, with this schema: {""brands"":[""Brand name""]}. Include up to five brand names. Do not include explanations, markdown, numbering, or any text outside the JSON object."
Cat Food,cat food,needs-based-detailed,vet's advice,cat_food_det_21,"My cat was just diagnosed with urinary crystals and the vet says she needs a special diet to prevent them from coming back. What cat food brands make urinary health formulas that actually work? Return valid JSON only, with this schema: {""brands"":[""Brand name""]}. Include up to five brand names. Do not include explanations, markdown, numbering, or any text outside the JSON object."
Cat Food,cat food,needs-based-detailed,vet's advice,cat_food_det_22,"My cat is overweight and the vet put her on a weight management plan. I need a cat food that is lower calorie but still satisfying so she does not cry all day from hunger. Return valid JSON only, with this schema: {""brands"":[""Brand name""]}. Include up to five brand names. Do not include explanations, markdown, numbering, or any text outside the JSON object."
Cat Food,cat food,needs-based-detailed,vet's advice,cat_food_det_23,"I just adopted a kitten and the vet gave me a list of things to look for in cat food but did not recommend a specific brand. She said to look for AAFCO feeding trial tested cat food. What are my options? Return valid JSON only, with this schema: {""brands"":[""Brand name""]}. Include up to five brand names. Do not include explanations, markdown, numbering, or any text outside the JSON object."
Cat Food,cat food,needs-based-detailed,vet's advice,cat_food_det_24,"My 16-year-old cat has kidney disease and the vet prescribed a kidney-support diet. She has been eating the same cat food for years and hates change. What prescription kidney-support cat food options are most palatable? Return valid JSON only, with this schema: {""brands"":[""Brand name""]}. Include up to five brand names. Do not include explanations, markdown, numbering, or any text outside the JSON object."
Cat Food,cat food,needs-based-general,fresh and natural,cat_food_gen_25,"I want to feed my cat real fresh cat food, not processed kibble. Return valid JSON only, with this schema: {""brands"":[""Brand name""]}. Include up to five brand names. Do not include explanations, markdown, numbering, or any text outside the JSON object."
Cat Food,cat food,needs-based-general,fresh and natural,cat_food_gen_26,"Is there a cat food that is actually made with fresh ingredients? Return valid JSON only, with this schema: {""brands"":[""Brand name""]}. Include up to five brand names. Do not include explanations, markdown, numbering, or any text outside the JSON object."
Cat Food,cat food,needs-based-general,fresh and natural,cat_food_gen_27,"I am looking for cat food that looks like real food, not brown pellets. Return valid JSON only, with this schema: {""brands"":[""Brand name""]}. Include up to five brand names. Do not include explanations, markdown, numbering, or any text outside the JSON object."
Cat Food,cat food,needs-based-general,fresh and natural,cat_food_gen_28,"I want cat food that is the closest thing to a homemade meal for my cat without cooking it myself. Return valid JSON only, with this schema: {""brands"":[""Brand name""]}. Include up to five brand names. Do not include explanations, markdown, numbering, or any text outside the JSON object."
Cat Food,cat food,needs-based-detailed,fresh and natural,cat_food_det_29,"I started cooking chicken and rice for my cat because I did not trust commercial cat food, but my vet says it is not nutritionally complete. Is there a cat food brand that makes real fresh food that is also balanced? Return valid JSON only, with this schema: {""brands"":[""Brand name""]}. Include up to five brand names. Do not include explanations, markdown, numbering, or any text outside the JSON object."
Cat Food,cat food,needs-based-detailed,fresh and natural,cat_food_det_30,"I feed my dog a fresh refrigerated food and he is thriving. I want the same kind of cat food for my cat — something I keep in the fridge that looks like actual food, not mystery mush from a can. Return valid JSON only, with this schema: {""brands"":[""Brand name""]}. Include up to five brand names. Do not include explanations, markdown, numbering, or any text outside the JSON object."
Cat Food,cat food,needs-based-detailed,fresh and natural,cat_food_det_31,"My cat has a sensitive stomach and throws up kibble constantly. I want to try fresh, gently cooked cat food that might be easier on her digestion. Something I can find at a regular pet store. Return valid JSON only, with this schema: {""brands"":[""Brand name""]}. Include up to five brand names. Do not include explanations, markdown, numbering, or any text outside the JSON object."
Cat Food,cat food,needs-based-detailed,fresh and natural,cat_food_det_32,"I saw a cat food in the refrigerated section at the grocery store and it looked so much better than the canned stuff. Which brand is best? Return valid JSON only, with this schema: {""brands"":[""Brand name""]}. Include up to five brand names. Do not include explanations, markdown, numbering, or any text outside the JSON object."
Cat Food,cat food,needs-based-general,spoiling my cat,cat_food_gen_33,"I want to treat my cat to some really special cat food. Return valid JSON only, with this schema: {""brands"":[""Brand name""]}. Include up to five brand names. Do not include explanations, markdown, numbering, or any text outside the JSON object."
Cat Food,cat food,needs-based-general,spoiling my cat,cat_food_gen_34,"I am looking for the fanciest cat food I can find. Return valid JSON only, with this schema: {""brands"":[""Brand name""]}. Include up to five brand names. Do not include explanations, markdown, numbering, or any text outside the JSON object."
Cat Food,cat food,needs-based-general,spoiling my cat,cat_food_gen_35,"What is the best cat food if I want to really spoil my cat? Return valid JSON only, with this schema: {""brands"":[""Brand name""]}. Include up to five brand names. Do not include explanations, markdown, numbering, or any text outside the JSON object."
Cat Food,cat food,needs-based-general,spoiling my cat,cat_food_gen_36,"I want my cat to eat the best cat food I can find. Return valid JSON only, with this schema: {""brands"":[""Brand name""]}. Include up to five brand names. Do not include explanations, markdown, numbering, or any text outside the JSON object."
Cat Food,cat food,needs-based-detailed,spoiling my cat,cat_food_det_37,"My cat is 18 years old and honestly at this point she can have whatever she wants. What is the most gourmet, indulgent cat food I can buy her? Price is no object — she deserves the best. Return valid JSON only, with this schema: {""brands"":[""Brand name""]}. Include up to five brand names. Do not include explanations, markdown, numbering, or any text outside the JSON object."
Cat Food,cat food,needs-based-detailed,spoiling my cat,cat_food_det_38,"I just got a bonus at work and I want to celebrate by spoiling my cat with the fanciest cat food I can find. Something with real seafood, elegant packaging, the works. What do people buy when they want to go all out? Return valid JSON only, with this schema: {""brands"":[""Brand name""]}. Include up to five brand names. Do not include explanations, markdown, numbering, or any text outside the JSON object."
Cat Food,cat food,needs-based-detailed,spoiling my cat,cat_food_det_39,"My cat ignores his regular cat food but goes absolutely crazy when I give him those little cups of fancy wet food with the broth. What brand makes the best variety of those indulgent single-serve cups of cat food? Return valid JSON only, with this schema: {""brands"":[""Brand name""]}. Include up to five brand names. Do not include explanations, markdown, numbering, or any text outside the JSON object."
Cat Food,cat food,needs-based-detailed,spoiling my cat,cat_food_det_40,"I am hosting a cat birthday party and I want to serve the cats something special, like a gourmet feast in individual portions. What is the most bougie cat food I can put on a plate? Return valid JSON only, with this schema: {""brands"":[""Brand name""]}. Include up to five brand names. Do not include explanations, markdown, numbering, or any text outside the JSON object."
Boat Cruise,boat cruises,needs-based-general,family with kids,boat_cruises_gen_01,"I am planning a cruise vacation with my kids. Return valid JSON only, with this schema: {""brands"":[""Brand name""]}. Include up to five brand names. Do not include explanations, markdown, numbering, or any text outside the JSON object."
Boat Cruise,boat cruises,needs-based-general,family with kids,boat_cruises_gen_02,"What is the best cruise line for families with young children? Return valid JSON only, with this schema: {""brands"":[""Brand name""]}. Include up to five brand names. Do not include explanations, markdown, numbering, or any text outside the JSON object."
Boat Cruise,boat cruises,needs-based-general,family with kids,boat_cruises_gen_03,"I need a cruise that will keep my kids entertained. Return valid JSON only, with this schema: {""brands"":[""Brand name""]}. Include up to five brand names. Do not include explanations, markdown, numbering, or any text outside the JSON object."
Boat Cruise,boat cruises,needs-based-general,family with kids,boat_cruises_gen_04,"I am looking for a family-friendly cruise for a vacation with my children. Return valid JSON only, with this schema: {""brands"":[""Brand name""]}. Include up to five brand names. Do not include explanations, markdown, numbering, or any text outside the JSON object."
Boat Cruise,boat cruises,needs-based-detailed,family with kids,boat_cruises_det_05,"I have three kids under 10 and I want a cruise where they will have so much fun that my wife and I can actually relax. I need great kids programs and a ship where they can run around safely. Return valid JSON only, with this schema: {""brands"":[""Brand name""]}. Include up to five brand names. Do not include explanations, markdown, numbering, or any text outside the JSON object."
Boat Cruise,boat cruises,needs-based-detailed,family with kids,boat_cruises_det_06,"My teenagers think cruises are boring and for old people. I need a cruise line with activities that will actually impress my teenage kids. Return valid JSON only, with this schema: {""brands"":[""Brand name""]}. Include up to five brand names. Do not include explanations, markdown, numbering, or any text outside the JSON object."
Boat Cruise,boat cruises,needs-based-detailed,family with kids,boat_cruises_det_07,"I am planning a multi-generational family cruise with my parents, my sister's family, and my kids. We need a ship that has something for ages 5 to 75 — from kids clubs to quiet lounges. Return valid JSON only, with this schema: {""brands"":[""Brand name""]}. Include up to five brand names. Do not include explanations, markdown, numbering, or any text outside the JSON object."
Boat Cruise,boat cruises,needs-based-detailed,family with kids,boat_cruises_det_08,"My 6-year-old is obsessed with theme parks. Are there any cruise lines that offer character experiences and family experience on a ship? Return valid JSON only, with this schema: {""brands"":[""Brand name""]}. Include up to five brand names. Do not include explanations, markdown, numbering, or any text outside the JSON object."
Boat Cruise,boat cruises,needs-based-general,relaxation and tradition,boat_cruises_gen_09,"I want a cruise that is relaxing and not chaotic. Return valid JSON only, with this schema: {""brands"":[""Brand name""]}. Include up to five brand names. Do not include explanations, markdown, numbering, or any text outside the JSON object."
Boat Cruise,boat cruises,needs-based-general,relaxation and tradition,boat_cruises_gen_10,"I am looking for a traditional, elegant cruise experience. Return valid JSON only, with this schema: {""brands"":[""Brand name""]}. Include up to five brand names. Do not include explanations, markdown, numbering, or any text outside the JSON object."
Boat Cruise,boat cruises,needs-based-general,relaxation and tradition,boat_cruises_gen_11,"I want a cruise with a calm atmosphere, not a party boat. Return valid JSON only, with this schema: {""brands"":[""Brand name""]}. Include up to five brand names. Do not include explanations, markdown, numbering, or any text outside the JSON object."
Boat Cruise,boat cruises,needs-based-general,relaxation and tradition,boat_cruises_gen_12,"I am looking for a quiet cruise for a peaceful vacation. Return valid JSON only, with this schema: {""brands"":[""Brand name""]}. Include up to five brand names. Do not include explanations, markdown, numbering, or any text outside the JSON object."
Boat Cruise,boat cruises,needs-based-detailed,relaxation and tradition,boat_cruises_det_13,"I am retired and I want a cruise where I can read a book by the pool without loud music, eat a proper sit-down dinner every night, and go to bed at a reasonable hour. No water slides, no nightclubs. Return valid JSON only, with this schema: {""brands"":[""Brand name""]}. Include up to five brand names. Do not include explanations, markdown, numbering, or any text outside the JSON object."
Boat Cruise,boat cruises,needs-based-detailed,relaxation and tradition,boat_cruises_det_14,"My wife and I love the idea of afternoon tea, formal captain's dinners, and ballroom dancing on a cruise. We want old-fashioned elegance. Are any cruise lines still doing that? Return valid JSON only, with this schema: {""brands"":[""Brand name""]}. Include up to five brand names. Do not include explanations, markdown, numbering, or any text outside the JSON object."
Boat Cruise,boat cruises,needs-based-detailed,relaxation and tradition,boat_cruises_det_15,"I went on a big cruise ship once and hated it — too crowded, too noisy, felt like a floating mall. I want a smaller, quieter cruise ship where the focus is on the ocean, the food, and the destinations. Return valid JSON only, with this schema: {""brands"":[""Brand name""]}. Include up to five brand names. Do not include explanations, markdown, numbering, or any text outside the JSON object."
Boat Cruise,boat cruises,needs-based-detailed,relaxation and tradition,boat_cruises_det_16,"I want to take a proper transatlantic cruise to actually cross the ocean on a ship the way people used to. Formal dress codes, a real library, days at sea with nothing to do but relax. Does that still exist? Return valid JSON only, with this schema: {""brands"":[""Brand name""]}. Include up to five brand names. Do not include explanations, markdown, numbering, or any text outside the JSON object."
Boat Cruise,boat cruises,needs-based-general,river and inland cruising,boat_cruises_gen_17,"I am interested in a river cruise instead of an ocean cruise. Return valid JSON only, with this schema: {""brands"":[""Brand name""]}. Include up to five brand names. Do not include explanations, markdown, numbering, or any text outside the JSON object."
Boat Cruise,boat cruises,needs-based-general,river and inland cruising,boat_cruises_gen_18,"I want to cruise through the European countryside on a river. Return valid JSON only, with this schema: {""brands"":[""Brand name""]}. Include up to five brand names. Do not include explanations, markdown, numbering, or any text outside the JSON object."
Boat Cruise,boat cruises,needs-based-general,river and inland cruising,boat_cruises_gen_19,"What are the best river cruise lines? Return valid JSON only, with this schema: {""brands"":[""Brand name""]}. Include up to five brand names. Do not include explanations, markdown, numbering, or any text outside the JSON object."
Boat Cruise,boat cruises,needs-based-general,river and inland cruising,boat_cruises_gen_20,"I want a cruise that goes through small towns, not just big ports. Return valid JSON only, with this schema: {""brands"":[""Brand name""]}. Include up to five brand names. Do not include explanations, markdown, numbering, or any text outside the JSON object."
Boat Cruise,boat cruises,needs-based-detailed,river and inland cruising,boat_cruises_det_21,"My husband and I want to do a Danube river cruise for our anniversary. We like having excursions included and good wine at dinner. What is the best option? Return valid JSON only, with this schema: {""brands"":[""Brand name""]}. Include up to five brand names. Do not include explanations, markdown, numbering, or any text outside the JSON object."
Boat Cruise,boat cruises,needs-based-detailed,river and inland cruising,boat_cruises_det_22,"I am planning a wine-focused river cruise in France. I want vineyard visits and French cuisine onboard. Which cruise line does this best? Return valid JSON only, with this schema: {""brands"":[""Brand name""]}. Include up to five brand names. Do not include explanations, markdown, numbering, or any text outside the JSON object."
Boat Cruise,boat cruises,needs-based-detailed,river and inland cruising,boat_cruises_det_23,"My parents are in their 70s and want a river cruise but my dad has mobility issues. I need a line with elevator access, gentle excursion options, and staff who are used to helping older travelers. Return valid JSON only, with this schema: {""brands"":[""Brand name""]}. Include up to five brand names. Do not include explanations, markdown, numbering, or any text outside the JSON object."
Boat Cruise,boat cruises,needs-based-detailed,river and inland cruising,boat_cruises_det_24,"I have done the Rhine and the Danube. Now I want something less common. What river cruise lines go beyond the standard European routes? Return valid JSON only, with this schema: {""brands"":[""Brand name""]}. Include up to five brand names. Do not include explanations, markdown, numbering, or any text outside the JSON object."
Boat Cruise,boat cruises,needs-based-general,adults-only getaway,boat_cruises_gen_25,"I want a cruise with no kids on the ship. Return valid JSON only, with this schema: {""brands"":[""Brand name""]}. Include up to five brand names. Do not include explanations, markdown, numbering, or any text outside the JSON object."
Boat Cruise,boat cruises,needs-based-general,adults-only getaway,boat_cruises_gen_26,"I am looking for an adults-only cruise for a couples trip. Return valid JSON only, with this schema: {""brands"":[""Brand name""]}. Include up to five brand names. Do not include explanations, markdown, numbering, or any text outside the JSON object."
Boat Cruise,boat cruises,needs-based-general,adults-only getaway,boat_cruises_gen_27,"What cruise lines do not allow children? Return valid JSON only, with this schema: {""brands"":[""Brand name""]}. Include up to five brand names. Do not include explanations, markdown, numbering, or any text outside the JSON object."
Boat Cruise,boat cruises,needs-based-general,adults-only getaway,boat_cruises_gen_28,"I want a sophisticated cruise without families and kids running around. Return valid JSON only, with this schema: {""brands"":[""Brand name""]}. Include up to five brand names. Do not include explanations, markdown, numbering, or any text outside the JSON object."
Boat Cruise,boat cruises,needs-based-detailed,adults-only getaway,boat_cruises_det_29,"My partner and I want a cruise where we are not surrounded by screaming toddlers at the pool. Which lines strictly prohibit anyone under 18? Return valid JSON only, with this schema: {""brands"":[""Brand name""]}. Include up to five brand names. Do not include explanations, markdown, numbering, or any text outside the JSON object."
Boat Cruise,boat cruises,needs-based-detailed,adults-only getaway,boat_cruises_det_30,"I am planning a trip with five couples for our 40th birthdays. We want an adults-only cruise with great cocktails, late-night dining, a good DJ or live music scene, and a modern vibe. Return valid JSON only, with this schema: {""brands"":[""Brand name""]}. Include up to five brand names. Do not include explanations, markdown, numbering, or any text outside the JSON object."
Boat Cruise,boat cruises,needs-based-detailed,adults-only getaway,boat_cruises_det_31,"I want an adults-only Mediterranean cruise with a focus on food and wine. I prefer things like cooking demonstrations, wine pairing dinners, and shore excursions to local markets and vineyards. Return valid JSON only, with this schema: {""brands"":[""Brand name""]}. Include up to five brand names. Do not include explanations, markdown, numbering, or any text outside the JSON object."
Boat Cruise,boat cruises,needs-based-detailed,adults-only getaway,boat_cruises_det_32,"My wife and I just became empty nesters and want to celebrate with a cruise that is specifically designed for adults. We want spa treatments, quiet pools, and diverse entertainment. Return valid JSON only, with this schema: {""brands"":[""Brand name""]}. Include up to five brand names. Do not include explanations, markdown, numbering, or any text outside the JSON object."
Boat Cruise,boat cruises,needs-based-general,all-inclusive / no surprises,boat_cruises_gen_33,"I want a cruise where everything is included in the price. Return valid JSON only, with this schema: {""brands"":[""Brand name""]}. Include up to five brand names. Do not include explanations, markdown, numbering, or any text outside the JSON object."
Boat Cruise,boat cruises,needs-based-general,all-inclusive / no surprises,boat_cruises_gen_34,"I am looking for a cruise with no hidden fees or surprise charges. Return valid JSON only, with this schema: {""brands"":[""Brand name""]}. Include up to five brand names. Do not include explanations, markdown, numbering, or any text outside the JSON object."
Boat Cruise,boat cruises,needs-based-general,all-inclusive / no surprises,boat_cruises_gen_35,"What cruise lines include drinks and tips in the fare? Return valid JSON only, with this schema: {""brands"":[""Brand name""]}. Include up to five brand names. Do not include explanations, markdown, numbering, or any text outside the JSON object."
Boat Cruise,boat cruises,needs-based-general,all-inclusive / no surprises,boat_cruises_gen_36,"I want a cruise where I pay once and do not worry about money for the rest of the trip. Return valid JSON only, with this schema: {""brands"":[""Brand name""]}. Include up to five brand names. Do not include explanations, markdown, numbering, or any text outside the JSON object."
Boat Cruise,boat cruises,needs-based-detailed,all-inclusive / no surprises,boat_cruises_det_37,"Last cruise I took I ended up spending $800 extra on drinks, Wi-Fi, and tips and I was furious. I want a cruise where the sticker price is the actual price. Everything included, zero surprises on my bill. Return valid JSON only, with this schema: {""brands"":[""Brand name""]}. Include up to five brand names. Do not include explanations, markdown, numbering, or any text outside the JSON object."
Boat Cruise,boat cruises,needs-based-detailed,all-inclusive / no surprises,boat_cruises_det_38,"I am budgeting carefully for this vacation and I need to know exactly what the total cost will be upfront. Which cruise lines include absolutely everything in one price? Return valid JSON only, with this schema: {""brands"":[""Brand name""]}. Include up to five brand names. Do not include explanations, markdown, numbering, or any text outside the JSON object."
Boat Cruise,boat cruises,needs-based-detailed,all-inclusive / no surprises,boat_cruises_det_39,"I am taking my parents on a cruise as a gift and I want to cover everything so they do not have to take out their wallets once. Which lines let me truly prepay for the entire experience? Return valid JSON only, with this schema: {""brands"":[""Brand name""]}. Include up to five brand names. Do not include explanations, markdown, numbering, or any text outside the JSON object."
Boat Cruise,boat cruises,needs-based-detailed,all-inclusive / no surprises,boat_cruises_det_40,"I hate nickel-and-diming. I would rather pay more upfront and have everything included than get a cheap base fare and then get charged for every cocktail. Which cruise lines respect my intelligence with transparent pricing? Return valid JSON only, with this schema: {""brands"":[""Brand name""]}. Include up to five brand names. Do not include explanations, markdown, numbering, or any text outside the JSON object."
Hiking Jacket,hiking jacket,needs-based-general,casual weekend hiking,hiking_jacket_gen_01,"I need a hiking jacket for casual weekend hikes. Return valid JSON only, with this schema: {""brands"":[""Brand name""]}. Include up to five brand names. Do not include explanations, markdown, numbering, or any text outside the JSON object."
Hiking Jacket,hiking jacket,needs-based-general,casual weekend hiking,hiking_jacket_gen_02,"I am looking for a hiking jacket for easy day hikes. Return valid JSON only, with this schema: {""brands"":[""Brand name""]}. Include up to five brand names. Do not include explanations, markdown, numbering, or any text outside the JSON object."
Hiking Jacket,hiking jacket,needs-based-general,casual weekend hiking,hiking_jacket_gen_03,"I want a hiking jacket for walking trails and light hiking. Return valid JSON only, with this schema: {""brands"":[""Brand name""]}. Include up to five brand names. Do not include explanations, markdown, numbering, or any text outside the JSON object."
Hiking Jacket,hiking jacket,needs-based-general,casual weekend hiking,hiking_jacket_gen_04,"I need a good all-around hiking jacket for casual use. Return valid JSON only, with this schema: {""brands"":[""Brand name""]}. Include up to five brand names. Do not include explanations, markdown, numbering, or any text outside the JSON object."
Hiking Jacket,hiking jacket,needs-based-detailed,casual weekend hiking,hiking_jacket_det_05,"I hike maybe twice a month on easy trails near my house, just walking in the woods for a few hours. I need a hiking jacket that keeps me dry and comfortable without being overkill. Return valid JSON only, with this schema: {""brands"":[""Brand name""]}. Include up to five brand names. Do not include explanations, markdown, numbering, or any text outside the JSON object."
Hiking Jacket,hiking jacket,needs-based-detailed,casual weekend hiking,hiking_jacket_det_06,"I am not a serious hiker. I just like walking state park trails on weekends. I need a waterproof hiking jacket that packs into my daypack and does not make me look like I am about to summit Everest. Return valid JSON only, with this schema: {""brands"":[""Brand name""]}. Include up to five brand names. Do not include explanations, markdown, numbering, or any text outside the JSON object."
Hiking Jacket,hiking jacket,needs-based-detailed,casual weekend hiking,hiking_jacket_det_07,"I want a hiking jacket for my morning walks and occasional weekend hikes. Most of the time I am on flat, groomed trails. I do not need mountaineering gear, just something practical and comfortable. Return valid JSON only, with this schema: {""brands"":[""Brand name""]}. Include up to five brand names. Do not include explanations, markdown, numbering, or any text outside the JSON object."
Hiking Jacket,hiking jacket,needs-based-detailed,casual weekend hiking,hiking_jacket_det_08,"I need a versatile hiking jacket that works for a drizzly trail walk and also when I am just walking around a town on vacation. Return valid JSON only, with this schema: {""brands"":[""Brand name""]}. Include up to five brand names. Do not include explanations, markdown, numbering, or any text outside the JSON object."
Hiking Jacket,hiking jacket,needs-based-general,affordable and practical,hiking_jacket_gen_09,"I need a decent hiking jacket that does not cost a fortune. Return valid JSON only, with this schema: {""brands"":[""Brand name""]}. Include up to five brand names. Do not include explanations, markdown, numbering, or any text outside the JSON object."
Hiking Jacket,hiking jacket,needs-based-general,affordable and practical,hiking_jacket_gen_10,"What is a good waterproof hiking jacket that is not too expensive? Return valid JSON only, with this schema: {""brands"":[""Brand name""]}. Include up to five brand names. Do not include explanations, markdown, numbering, or any text outside the JSON object."
Hiking Jacket,hiking jacket,needs-based-general,affordable and practical,hiking_jacket_gen_11,"I want a waterproof hiking jacket under $100. Return valid JSON only, with this schema: {""brands"":[""Brand name""]}. Include up to five brand names. Do not include explanations, markdown, numbering, or any text outside the JSON object."
Hiking Jacket,hiking jacket,needs-based-general,affordable and practical,hiking_jacket_gen_12,"I am looking for an affordable hiking jacket that actually works. Return valid JSON only, with this schema: {""brands"":[""Brand name""]}. Include up to five brand names. Do not include explanations, markdown, numbering, or any text outside the JSON object."
Hiking Jacket,hiking jacket,needs-based-detailed,affordable and practical,hiking_jacket_det_13,"I just need a hiking jacket that's waterproof and lasts a few seasons of weekend use. Is there anything good under $80? Return valid JSON only, with this schema: {""brands"":[""Brand name""]}. Include up to five brand names. Do not include explanations, markdown, numbering, or any text outside the JSON object."
Hiking Jacket,hiking jacket,needs-based-detailed,affordable and practical,hiking_jacket_det_14,"I am buying hiking jackets for my family of four for a trip to the Pacific Northwest. I need four decent rain jackets and I cannot spend too much. What brands make reliable hiking jackets at a normal person price? Return valid JSON only, with this schema: {""brands"":[""Brand name""]}. Include up to five brand names. Do not include explanations, markdown, numbering, or any text outside the JSON object."
Hiking Jacket,hiking jacket,needs-based-detailed,affordable and practical,hiking_jacket_det_15,"I bought a cheap rain jacket from Amazon and it stopped being waterproof after three washes. I want to spend maybe $75 to $120 for a hiking jacket that will actually hold up but is not premium. Return valid JSON only, with this schema: {""brands"":[""Brand name""]}. Include up to five brand names. Do not include explanations, markdown, numbering, or any text outside the JSON object."
Hiking Jacket,hiking jacket,needs-based-detailed,affordable and practical,hiking_jacket_det_16,"I am a teacher and I take my students on outdoor field trips. I need a waterproof hiking jacket that is tough, affordable, and available in normal sizes. Something practical, not trendy. Return valid JSON only, with this schema: {""brands"":[""Brand name""]}. Include up to five brand names. Do not include explanations, markdown, numbering, or any text outside the JSON object."
Hiking Jacket,hiking jacket,needs-based-general,city and trail,hiking_jacket_gen_17,"I need a waterproof hiking jacket that works for both hiking and wearing in the city. Return valid JSON only, with this schema: {""brands"":[""Brand name""]}. Include up to five brand names. Do not include explanations, markdown, numbering, or any text outside the JSON object."
Hiking Jacket,hiking jacket,needs-based-general,city and trail,hiking_jacket_gen_18,"I want a hiking jacket that does not look too outdoorsy for everyday wear. Return valid JSON only, with this schema: {""brands"":[""Brand name""]}. Include up to five brand names. Do not include explanations, markdown, numbering, or any text outside the JSON object."
Hiking Jacket,hiking jacket,needs-based-general,city and trail,hiking_jacket_gen_19,"I need a versatile hiking jacket for commuting and weekend hikes. Return valid JSON only, with this schema: {""brands"":[""Brand name""]}. Include up to five brand names. Do not include explanations, markdown, numbering, or any text outside the JSON object."
Hiking Jacket,hiking jacket,needs-based-general,city and trail,hiking_jacket_gen_20,"I want one hiking jacket I can wear everywhere, on the trail and to dinner. Return valid JSON only, with this schema: {""brands"":[""Brand name""]}. Include up to five brand names. Do not include explanations, markdown, numbering, or any text outside the JSON object."
Hiking Jacket,hiking jacket,needs-based-detailed,city and trail,hiking_jacket_det_21,"I bike to work in Seattle and also hike on weekends. I need one hiking jacket that keeps me dry on my commute without looking ridiculous at the office, and also works on a rainy trail. Return valid JSON only, with this schema: {""brands"":[""Brand name""]}. Include up to five brand names. Do not include explanations, markdown, numbering, or any text outside the JSON object."
Hiking Jacket,hiking jacket,needs-based-detailed,city and trail,hiking_jacket_det_22,"I am tired of owning separate jackets for everything. I want one great waterproof hiking jacket in a neutral color that I can wear hiking, walking around the city, and to a casual bar. Return valid JSON only, with this schema: {""brands"":[""Brand name""]}. Include up to five brand names. Do not include explanations, markdown, numbering, or any text outside the JSON object."
Hiking Jacket,hiking jacket,needs-based-detailed,city and trail,hiking_jacket_det_23,"I travel a lot for work and squeeze in hikes wherever I go. I need a packable hiking jacket that looks professional enough for a client dinner and still works for a morning hike in the hills. Return valid JSON only, with this schema: {""brands"":[""Brand name""]}. Include up to five brand names. Do not include explanations, markdown, numbering, or any text outside the JSON object."
Hiking Jacket,hiking jacket,needs-based-detailed,city and trail,hiking_jacket_det_24,"My wardrobe is minimal and I want one hiking jacket that does it all. I need something waterproof and stylish enough to wear to brunch and on a muddy trail the same day. Return valid JSON only, with this schema: {""brands"":[""Brand name""]}. Include up to five brand names. Do not include explanations, markdown, numbering, or any text outside the JSON object."
Hiking Jacket,hiking jacket,needs-based-general,eco-friendly,hiking_jacket_gen_25,"I want a hiking jacket from a brand that cares about the environment. Return valid JSON only, with this schema: {""brands"":[""Brand name""]}. Include up to five brand names. Do not include explanations, markdown, numbering, or any text outside the JSON object."
Hiking Jacket,hiking jacket,needs-based-general,eco-friendly,hiking_jacket_gen_26,"I am looking for a sustainable waterproof hiking jacket. Return valid JSON only, with this schema: {""brands"":[""Brand name""]}. Include up to five brand names. Do not include explanations, markdown, numbering, or any text outside the JSON object."
Hiking Jacket,hiking jacket,needs-based-general,eco-friendly,hiking_jacket_gen_27,"What hiking jacket brands have the best environmental practices? Return valid JSON only, with this schema: {""brands"":[""Brand name""]}. Include up to five brand names. Do not include explanations, markdown, numbering, or any text outside the JSON object."
Hiking Jacket,hiking jacket,needs-based-general,eco-friendly,hiking_jacket_gen_28,"I want to buy a hiking jacket from a brand I can feel good about supporting. Return valid JSON only, with this schema: {""brands"":[""Brand name""]}. Include up to five brand names. Do not include explanations, markdown, numbering, or any text outside the JSON object."
Hiking Jacket,hiking jacket,needs-based-detailed,eco-friendly,hiking_jacket_det_29,"I try to buy from B Corp certified brands whenever possible. Which hiking jacket brands are actually certified and not just greenwashing with vague sustainability claims? Return valid JSON only, with this schema: {""brands"":[""Brand name""]}. Include up to five brand names. Do not include explanations, markdown, numbering, or any text outside the JSON object."
Hiking Jacket,hiking jacket,needs-based-detailed,eco-friendly,hiking_jacket_det_30,"I want a hiking jacket made from recycled materials, from a company that has a repair program so I do not have to throw it away when the zipper breaks. Which brands actually let you send gear back for repair? Return valid JSON only, with this schema: {""brands"":[""Brand name""]}. Include up to five brand names. Do not include explanations, markdown, numbering, or any text outside the JSON object."
Hiking Jacket,hiking jacket,needs-based-detailed,eco-friendly,hiking_jacket_det_31,"I care about fair labor practices as much as environmental impact. Which hiking jacket brands publish factory audits and are transparent about their entire supply chain? Return valid JSON only, with this schema: {""brands"":[""Brand name""]}. Include up to five brand names. Do not include explanations, markdown, numbering, or any text outside the JSON object."
Hiking Jacket,hiking jacket,needs-based-detailed,eco-friendly,hiking_jacket_det_32,"I would rather buy a used hiking jacket than a new one. Which brands have a good secondhand or trade-in program where I can buy pre-owned gear that has been inspected and refurbished? Return valid JSON only, with this schema: {""brands"":[""Brand name""]}. Include up to five brand names. Do not include explanations, markdown, numbering, or any text outside the JSON object."
Hiking Jacket,hiking jacket,needs-based-general,cold weather warmth,hiking_jacket_gen_33,"I need a warm hiking jacket for cold weather. Return valid JSON only, with this schema: {""brands"":[""Brand name""]}. Include up to five brand names. Do not include explanations, markdown, numbering, or any text outside the JSON object."
Hiking Jacket,hiking jacket,needs-based-general,cold weather warmth,hiking_jacket_gen_34,"I am looking for an insulated hiking jacket for winter hiking. Return valid JSON only, with this schema: {""brands"":[""Brand name""]}. Include up to five brand names. Do not include explanations, markdown, numbering, or any text outside the JSON object."
Hiking Jacket,hiking jacket,needs-based-general,cold weather warmth,hiking_jacket_gen_35,"I want a hiking jacket that keeps me warm on cold, windy trails. Return valid JSON only, with this schema: {""brands"":[""Brand name""]}. Include up to five brand names. Do not include explanations, markdown, numbering, or any text outside the JSON object."
Hiking Jacket,hiking jacket,needs-based-general,cold weather warmth,hiking_jacket_gen_36,"I need a warm hiking jacket for below-freezing temperatures. Return valid JSON only, with this schema: {""brands"":[""Brand name""]}. Include up to five brand names. Do not include explanations, markdown, numbering, or any text outside the JSON object."
Hiking Jacket,hiking jacket,needs-based-detailed,cold weather warmth,hiking_jacket_det_37,"I hike year-round in Minnesota and I need a hiking jacket that keeps me warm at 10 degrees without being so bulky I cannot move my arms. Something with good insulation but still lets me layer underneath. Return valid JSON only, with this schema: {""brands"":[""Brand name""]}. Include up to five brand names. Do not include explanations, markdown, numbering, or any text outside the JSON object."
Hiking Jacket,hiking jacket,needs-based-detailed,cold weather warmth,hiking_jacket_det_38,"I am doing a winter camping trip in Colorado and I need an insulated hiking jacket for standing around camp and sitting by the fire. I already have a hardshell for hiking. I just need pure warmth for when I stop moving. Return valid JSON only, with this schema: {""brands"":[""Brand name""]}. Include up to five brand names. Do not include explanations, markdown, numbering, or any text outside the JSON object."
Hiking Jacket,hiking jacket,needs-based-detailed,cold weather warmth,hiking_jacket_det_39,"I get cold really easily and I need the warmest hiking jacket I can find. Down or synthetic, I do not care. I just want to stop being the person in the group who is shivering while everyone else is fine. Return valid JSON only, with this schema: {""brands"":[""Brand name""]}. Include up to five brand names. Do not include explanations, markdown, numbering, or any text outside the JSON object."
Hiking Jacket,hiking jacket,needs-based-detailed,cold weather warmth,hiking_jacket_det_40,"I walk my dog every morning at 6 AM in New England winters. I need a hiking jacket that is genuinely warm and handles wind, light snow, and temperatures in the teens, and is easy to throw on over pajamas. Return valid JSON only, with this schema: {""brands"":[""Brand name""]}. Include up to five brand names. Do not include explanations, markdown, numbering, or any text outside the JSON object."
